flap_angle,design_omega,omega_n,I_hinge,A55_w0,B55_w0,Fexc55_w0,K_r,B_r,P_opt_W
0,0.8763,0.9042446083477947,0.6788,7.8803524573548245,4.836467633722981,784.1755633426823,0.0025876369704223023,4.836467633722981,9.933181105670785
10,1.07,1.2804408761638597,0.6788,3.4961352397287486,0.6428202280331036,268.83224810276437,-1.7901166440345557,0.6428202280331036,8.783411372783783
20,1.07,1.3778520469174564,0.6788,2.9928167887107,0.5027423567166661,238.08095347229667,-2.36636593860512,0.5027423567166661,8.808335741116322
45,1.6396,1.639628673862183,0.6788,1.7650547918986712,0.10313623723692789,93.32113788587576,-0.00021409817953887966,0.10313623723692789,6.596883259727572
90,1.07,1.9005122115555928,0.6788,1.3407434218959815,0.1604440879381964,135.0659013641795,-4.257824736271291,0.1604440879381964,8.882960971087565
